Date,Day of Week,Visitor Type,Number of Visitors,Avg Stay Duration (hrs),Revenue Generated ($),Weather Condition
2024-01-01,Monday,One-day visit,270,4.4,3447.9,Snowy
2024-01-01,Monday,Camping,450,4.1,5674.5,Snowy
2024-01-01,Monday,RV Center,99,2.2,1030.59,Snowy
2024-01-02,Tuesday,One-day visit,290,2.6,2151.8,Snowy
2024-01-02,Tuesday,Camping,149,4.1,2872.7200000000003,Snowy
2024-01-02,Tuesday,RV Center,471,3.6,2552.82,Snowy
2024-01-03,Wednesday,One-day visit,298,1.7,5930.2,Snowy
2024-01-03,Wednesday,Camping,292,2.7,3731.7599999999998,Snowy
2024-01-03,Wednesday,RV Center,94,2.7,1113.8999999999999,Snowy
2024-01-04,Thursday,One-day visit,359,1.1,4440.83,Cloudy
2024-01-04,Thursday,Camping,498,2.8,3530.8199999999997,Cloudy
2024-01-04,Thursday,RV Center,71,4.1,1331.25,Cloudy
2024-01-05,Friday,One-day visit,358,3.4,2112.2000000000003,Sunny
2024-01-05,Friday,Camping,217,3.7,2794.96,Sunny
2024-01-05,Friday,RV Center,88,4.2,860.64,Sunny
2024-01-06,Saturday,One-day visit,467,4.4,6967.64,Cloudy
2024-01-06,Saturday,Camping,82,1.5,1465.3400000000001,Cloudy
2024-01-06,Saturday,RV Center,92,2.6,1437.04,Cloudy
2024-01-07,Sunday,One-day visit,427,1.0,4581.71,Snowy
2024-01-07,Sunday,Camping,410,4.6,6728.1,Snowy
2024-01-07,Sunday,RV Center,267,2.4,5326.65,Snowy
2024-01-08,Monday,One-day visit,395,3.7,6636.0,Rainy
2024-01-08,Monday,Camping,404,2.4,3458.2400000000002,Rainy
2024-01-08,Monday,RV Center,80,2.0,772.8,Rainy
2024-01-09,Tuesday,One-day visit,280,3.9,2690.7999999999997,Cloudy
2024-01-09,Tuesday,Camping,135,4.3,846.4499999999999,Cloudy
2024-01-09,Tuesday,RV Center,369,1.5,5166.0,Cloudy
2024-01-10,Wednesday,One-day visit,398,1.1,4787.94,Sunny
2024-01-10,Wednesday,Camping,259,1.1,3211.6,Sunny
2024-01-10,Wednesday,RV Center,453,1.6,4779.150000000001,Sunny
2024-01-11,Thursday,One-day visit,111,3.2,1036.74,Cloudy
2024-01-11,Thursday,Camping,116,3.8,2284.04,Cloudy
2024-01-11,Thursday,RV Center,413,3.7,7541.380000000001,Cloudy
2024-01-12,Friday,One-day visit,450,4.7,4207.5,Stormy
2024-01-12,Friday,Camping,441,2.8,3285.4500000000003,Stormy
2024-01-12,Friday,RV Center,295,1.3,1557.6000000000001,Stormy
2024-01-13,Saturday,One-day visit,156,3.8,2355.6,Cloudy
2024-01-13,Saturday,Camping,46,2.2,901.6,Cloudy
2024-01-13,Saturday,RV Center,211,1.9,3633.4199999999996,Cloudy
2024-01-14,Sunday,One-day visit,366,3.8,3480.66,Cloudy
2024-01-14,Sunday,Camping,209,2.0,1385.67,Cloudy
2024-01-14,Sunday,RV Center,295,1.2,2088.6,Cloudy
2024-01-15,Monday,One-day visit,475,3.1,8664.0,Stormy
2024-01-15,Monday,Camping,61,3.3,572.7900000000001,Stormy
2024-01-15,Monday,RV Center,84,3.2,1322.16,Stormy
2024-01-16,Tuesday,One-day visit,452,2.0,7385.68,Stormy
2024-01-16,Tuesday,Camping,302,2.3,4671.9400000000005,Stormy
2024-01-16,Tuesday,RV Center,15,1.0,291.45,Stormy
2024-01-17,Wednesday,One-day visit,72,1.6,1406.8799999999999,Cloudy
2024-01-17,Wednesday,Camping,332,1.0,5155.96,Cloudy
2024-01-17,Wednesday,RV Center,20,2.6,136.6,Cloudy
2024-01-18,Thursday,One-day visit,51,2.1,912.9,Sunny
2024-01-18,Thursday,Camping,324,2.1,2025.0,Sunny
2024-01-18,Thursday,RV Center,205,3.8,3458.3500000000004,Sunny
2024-01-19,Friday,One-day visit,186,4.3,2032.98,Rainy
2024-01-19,Friday,Camping,382,2.5,5852.24,Rainy
2024-01-19,Friday,RV Center,494,4.0,8847.54,Rainy
2024-01-20,Saturday,One-day visit,311,1.5,6039.620000000001,Sunny
2024-01-20,Saturday,Camping,98,2.7,1130.9199999999998,Sunny
2024-01-20,Saturday,RV Center,214,1.3,1284.0,Sunny
2024-01-21,Sunday,One-day visit,35,2.4,584.1500000000001,Snowy
2024-01-21,Sunday,Camping,110,1.3,721.5999999999999,Snowy
2024-01-21,Sunday,RV Center,245,2.2,1849.75,Snowy
2024-01-22,Monday,One-day visit,270,4.0,5240.7,Snowy
2024-01-22,Monday,Camping,453,4.2,4566.24,Snowy
2024-01-22,Monday,RV Center,236,2.4,3948.28,Snowy
2024-01-23,Tuesday,One-day visit,77,4.9,596.75,Cloudy
2024-01-23,Tuesday,Camping,77,2.5,921.69,Cloudy
2024-01-23,Tuesday,RV Center,443,3.6,2728.88,Cloudy
2024-01-24,Wednesday,One-day visit,360,3.0,5479.2,Sunny
2024-01-24,Wednesday,Camping,75,2.3,1472.25,Sunny
2024-01-24,Wednesday,RV Center,467,3.7,4217.009999999999,Sunny
2024-01-25,Thursday,One-day visit,248,3.0,2951.2000000000003,Snowy
2024-01-25,Thursday,Camping,425,3.3,2465.0,Snowy
2024-01-25,Thursday,RV Center,299,5.0,5863.389999999999,Snowy
2024-01-26,Friday,One-day visit,447,3.9,8720.970000000001,Snowy
2024-01-26,Friday,Camping,366,2.8,3315.96,Snowy
2024-01-26,Friday,RV Center,393,3.9,4896.780000000001,Snowy
2024-01-27,Saturday,One-day visit,438,4.5,5185.92,Cloudy
2024-01-27,Saturday,Camping,277,1.7,1833.74,Cloudy
2024-01-27,Saturday,RV Center,395,1.7,6288.4,Cloudy
2024-01-28,Sunday,One-day visit,337,3.8,6467.030000000001,Sunny
2024-01-28,Sunday,Camping,337,1.7,5509.950000000001,Sunny
2024-01-28,Sunday,RV Center,219,3.0,3545.61,Sunny
2024-01-29,Monday,One-day visit,491,2.2,7541.759999999999,Cloudy
2024-01-29,Monday,Camping,100,4.6,1746.0,Cloudy
2024-01-29,Monday,RV Center,441,4.1,2487.24,Cloudy
2024-01-30,Tuesday,One-day visit,114,4.2,1500.24,Sunny
2024-01-30,Tuesday,Camping,316,2.0,2749.2,Sunny
2024-01-30,Tuesday,RV Center,97,1.7,950.6,Sunny
2024-01-31,Wednesday,One-day visit,317,1.9,3886.42,Snowy
2024-01-31,Wednesday,Camping,116,3.0,707.5999999999999,Snowy
2024-01-31,Wednesday,RV Center,165,1.3,1397.5500000000002,Snowy
2024-02-01,Thursday,One-day visit,204,1.7,2354.16,Snowy
2024-02-01,Thursday,Camping,138,3.6,2747.58,Snowy
2024-02-01,Thursday,RV Center,293,3.1,2525.66,Snowy
2024-02-02,Friday,One-day visit,285,2.6,4941.9,Sunny
2024-02-02,Friday,Camping,368,3.7,6988.32,Sunny
2024-02-02,Friday,RV Center,41,2.7,640.42,Sunny
2024-02-03,Saturday,One-day visit,441,2.9,8281.980000000001,Stormy
2024-02-03,Saturday,Camping,491,2.6,8347.0,Stormy
2024-02-03,Saturday,RV Center,426,3.9,3987.3599999999997,Stormy
2024-02-04,Sunday,One-day visit,330,2.5,4408.8,Snowy
2024-02-04,Sunday,Camping,347,2.1,3834.3500000000004,Snowy
2024-02-04,Sunday,RV Center,306,4.3,2093.04,Snowy
2024-02-05,Monday,One-day visit,207,2.0,3326.4900000000002,Rainy
2024-02-05,Monday,Camping,323,3.2,3188.0099999999998,Rainy
2024-02-05,Monday,RV Center,389,3.2,5029.7699999999995,Rainy
2024-02-06,Tuesday,One-day visit,140,4.6,887.6,Rainy
2024-02-06,Tuesday,Camping,231,1.6,2723.49,Rainy
2024-02-06,Tuesday,RV Center,329,4.3,2993.9,Rainy
2024-02-07,Wednesday,One-day visit,261,1.4,1644.3,Snowy
2024-02-07,Wednesday,Camping,322,1.9,1787.1,Snowy
2024-02-07,Wednesday,RV Center,484,4.1,9428.32,Snowy
2024-02-08,Thursday,One-day visit,498,2.1,5702.099999999999,Rainy
2024-02-08,Thursday,Camping,47,4.1,807.46,Rainy
2024-02-08,Thursday,RV Center,214,3.1,3456.1,Rainy
2024-02-09,Friday,One-day visit,422,1.3,7608.660000000001,Cloudy
2024-02-09,Friday,Camping,248,2.2,1386.32,Cloudy
2024-02-09,Friday,RV Center,338,3.4,3224.5199999999995,Cloudy
2024-02-10,Saturday,One-day visit,403,1.1,4743.3099999999995,Stormy
2024-02-10,Saturday,Camping,173,1.6,2657.2799999999997,Stormy
2024-02-10,Saturday,RV Center,282,3.2,1892.22,Stormy
2024-02-11,Sunday,One-day visit,52,1.4,888.1599999999999,Snowy
2024-02-11,Sunday,Camping,363,3.1,6087.51,Snowy
2024-02-11,Sunday,RV Center,124,1.3,1696.32,Snowy
2024-02-12,Monday,One-day visit,366,2.3,7221.18,Snowy
2024-02-12,Monday,Camping,340,3.3,3032.8,Snowy
2024-02-12,Monday,RV Center,402,4.7,5008.92,Snowy
2024-02-13,Tuesday,One-day visit,168,1.5,1999.2,Stormy
2024-02-13,Tuesday,Camping,377,4.9,7457.06,Stormy
2024-02-13,Tuesday,RV Center,307,3.8,5022.5199999999995,Stormy
2024-02-14,Wednesday,One-day visit,476,3.6,4698.12,Stormy
2024-02-14,Wednesday,Camping,220,4.1,1199.0,Stormy
2024-02-14,Wednesday,RV Center,448,2.5,3082.24,Stormy
2024-02-15,Thursday,One-day visit,462,2.1,6625.08,Snowy
2024-02-15,Thursday,Camping,326,1.5,5910.38,Snowy
2024-02-15,Thursday,RV Center,108,4.7,1037.8799999999999,Snowy
2024-02-16,Friday,One-day visit,42,3.4,553.56,Cloudy
2024-02-16,Friday,Camping,404,2.4,6019.6,Cloudy
2024-02-16,Friday,RV Center,247,4.3,2751.58,Cloudy
2024-02-17,Saturday,One-day visit,386,4.6,6388.3,Stormy
2024-02-17,Saturday,Camping,262,4.1,2795.54,Stormy
2024-02-17,Saturday,RV Center,370,3.9,7100.3,Stormy
2024-02-18,Sunday,One-day visit,442,2.1,4424.42,Snowy
2024-02-18,Sunday,Camping,420,1.6,5510.4,Snowy
2024-02-18,Sunday,RV Center,15,2.1,281.40000000000003,Snowy
2024-02-19,Monday,One-day visit,373,2.6,2308.8700000000003,Sunny
2024-02-19,Monday,Camping,403,3.6,3232.06,Sunny
2024-02-19,Monday,RV Center,139,4.0,2679.92,Sunny
2024-02-20,Tuesday,One-day visit,438,4.6,4498.26,Rainy
2024-02-20,Tuesday,Camping,214,4.4,1692.74,Rainy
2024-02-20,Tuesday,RV Center,397,3.0,6038.37,Rainy
2024-02-21,Wednesday,One-day visit,270,4.3,4668.3,Cloudy
2024-02-21,Wednesday,Camping,248,2.6,1616.9599999999998,Cloudy
2024-02-21,Wednesday,RV Center,486,2.9,7848.9,Cloudy
2024-02-22,Thursday,One-day visit,117,3.0,1675.44,Stormy
2024-02-22,Thursday,Camping,450,4.6,2713.5,Stormy
2024-02-22,Thursday,RV Center,195,2.7,1497.6,Stormy
2024-02-23,Friday,One-day visit,375,3.7,3007.5,Sunny
2024-02-23,Friday,Camping,383,2.5,6894.0,Sunny
2024-02-23,Friday,RV Center,460,1.1,6886.200000000001,Sunny
2024-02-24,Saturday,One-day visit,162,2.0,1757.7,Rainy
2024-02-24,Saturday,Camping,349,3.6,2010.24,Rainy
2024-02-24,Saturday,RV Center,422,3.6,7760.58,Rainy
2024-02-25,Sunday,One-day visit,368,4.9,7341.599999999999,Cloudy
2024-02-25,Sunday,Camping,202,3.0,2270.48,Cloudy
2024-02-25,Sunday,RV Center,55,1.8,825.55,Cloudy
2024-02-26,Monday,One-day visit,469,4.5,5337.22,Snowy
2024-02-26,Monday,Camping,342,3.7,3611.52,Snowy
2024-02-26,Monday,RV Center,244,4.2,4130.92,Snowy
2024-02-27,Tuesday,One-day visit,420,3.1,6216.0,Snowy
2024-02-27,Tuesday,Camping,354,2.1,3355.92,Snowy
2024-02-27,Tuesday,RV Center,136,5.0,1327.36,Snowy
2024-02-28,Wednesday,One-day visit,206,1.0,1396.68,Sunny
2024-02-28,Wednesday,Camping,413,3.3,4076.3099999999995,Sunny
2024-02-28,Wednesday,RV Center,163,3.9,1874.5,Sunny
2024-02-29,Thursday,One-day visit,258,1.6,3255.9599999999996,Cloudy
2024-02-29,Thursday,Camping,80,2.6,1309.6000000000001,Cloudy
2024-02-29,Thursday,RV Center,287,4.3,1529.71,Cloudy
2024-03-01,Friday,One-day visit,132,3.8,813.12,Rainy
2024-03-01,Friday,Camping,163,4.0,1294.22,Rainy
2024-03-01,Friday,RV Center,261,2.9,1863.54,Rainy
2024-03-02,Saturday,One-day visit,270,4.3,2878.2,Stormy
2024-03-02,Saturday,Camping,121,3.6,1602.04,Stormy
2024-03-02,Saturday,RV Center,337,4.1,6493.99,Stormy
2024-03-03,Sunday,One-day visit,190,3.9,2724.6,Cloudy
2024-03-03,Sunday,Camping,78,3.5,506.22,Cloudy
2024-03-03,Sunday,RV Center,179,2.4,1118.75,Cloudy
2024-03-04,Monday,One-day visit,60,1.2,661.8,Rainy
2024-03-04,Monday,Camping,20,4.1,252.60000000000002,Rainy
2024-03-04,Monday,RV Center,393,3.8,5749.59,Rainy
2024-03-05,Tuesday,One-day visit,385,4.5,2021.25,Cloudy
2024-03-05,Tuesday,Camping,61,2.3,789.3399999999999,Cloudy
2024-03-05,Tuesday,RV Center,498,1.1,6170.22,Cloudy
2024-03-06,Wednesday,One-day visit,324,3.2,3009.9599999999996,Snowy
2024-03-06,Wednesday,Camping,42,3.4,778.26,Snowy
2024-03-06,Wednesday,RV Center,485,3.0,2895.45,Snowy
2024-03-07,Thursday,One-day visit,276,3.8,2376.3599999999997,Rainy
2024-03-07,Thursday,Camping,435,3.7,2575.2,Rainy
2024-03-07,Thursday,RV Center,217,2.7,3276.7,Rainy
2024-03-08,Friday,One-day visit,156,1.6,984.3599999999999,Rainy
2024-03-08,Friday,Camping,462,2.4,5072.76,Rainy
2024-03-08,Friday,RV Center,463,4.3,3879.9400000000005,Rainy
2024-03-09,Saturday,One-day visit,125,3.9,1085.0,Sunny
2024-03-09,Saturday,Camping,133,3.4,2480.45,Sunny
2024-03-09,Saturday,RV Center,334,1.7,4265.18,Sunny
2024-03-10,Sunday,One-day visit,173,2.4,2183.2599999999998,Rainy
2024-03-10,Sunday,Camping,380,3.8,3264.2,Rainy
2024-03-10,Sunday,RV Center,243,3.5,1907.55,Rainy
2024-03-11,Monday,One-day visit,44,1.1,809.1600000000001,Cloudy
2024-03-11,Monday,Camping,203,3.0,3353.56,Cloudy
2024-03-11,Monday,RV Center,374,1.2,4091.56,Cloudy
2024-03-12,Tuesday,One-day visit,156,4.7,2775.24,Rainy
2024-03-12,Tuesday,Camping,315,2.7,5380.2,Rainy
2024-03-12,Tuesday,RV Center,463,3.5,7533.01,Rainy
2024-03-13,Wednesday,One-day visit,266,4.8,4431.56,Rainy
2024-03-13,Wednesday,Camping,73,3.2,545.31,Rainy
2024-03-13,Wednesday,RV Center,313,1.8,2162.83,Rainy
2024-03-14,Thursday,One-day visit,110,2.8,2183.5,Sunny
2024-03-14,Thursday,Camping,367,1.8,7028.049999999999,Sunny
2024-03-14,Thursday,RV Center,328,5.0,3542.4,Sunny
2024-03-15,Friday,One-day visit,453,1.2,7066.8,Snowy
2024-03-15,Friday,Camping,222,2.5,1627.26,Snowy
2024-03-15,Friday,RV Center,222,1.4,1744.92,Snowy
2024-03-16,Saturday,One-day visit,430,1.2,2984.2000000000003,Sunny
2024-03-16,Saturday,Camping,123,4.5,781.05,Sunny
2024-03-16,Saturday,RV Center,281,2.2,3869.37,Sunny
2024-03-17,Sunday,One-day visit,243,3.3,3834.54,Rainy
2024-03-17,Sunday,Camping,404,4.6,2145.24,Rainy
2024-03-17,Sunday,RV Center,34,1.1,592.2800000000001,Rainy
2024-03-18,Monday,One-day visit,353,1.1,2714.57,Rainy
2024-03-18,Monday,Camping,96,3.4,1814.3999999999999,Rainy
2024-03-18,Monday,RV Center,124,2.9,2052.2000000000003,Rainy
2024-03-19,Tuesday,One-day visit,390,1.1,2566.2,Stormy
2024-03-19,Tuesday,Camping,350,4.4,2562.0,Stormy
2024-03-19,Tuesday,RV Center,179,2.0,1270.8999999999999,Stormy
2024-03-20,Wednesday,One-day visit,414,1.6,8031.599999999999,Rainy
2024-03-20,Wednesday,Camping,316,3.7,4496.68,Rainy
2024-03-20,Wednesday,RV Center,111,2.3,997.89,Rainy
2024-03-21,Thursday,One-day visit,174,3.4,3339.0600000000004,Sunny
2024-03-21,Thursday,Camping,31,4.5,379.44,Sunny
2024-03-21,Thursday,RV Center,396,4.5,7868.52,Sunny
2024-03-22,Friday,One-day visit,140,5.0,1108.8,Snowy
2024-03-22,Friday,Camping,142,4.1,2638.3599999999997,Snowy
2024-03-22,Friday,RV Center,362,4.6,1958.42,Snowy
2024-03-23,Saturday,One-day visit,83,2.9,1070.7,Stormy
2024-03-23,Saturday,Camping,133,4.9,2388.6800000000003,Stormy
2024-03-23,Saturday,RV Center,19,4.1,242.25,Stormy
2024-03-24,Sunday,One-day visit,185,3.1,3006.25,Rainy
2024-03-24,Sunday,Camping,361,4.9,5812.1,Rainy
2024-03-24,Sunday,RV Center,85,1.5,1354.8999999999999,Rainy
2024-03-25,Monday,One-day visit,321,2.4,5916.03,Snowy
2024-03-25,Monday,Camping,102,4.9,1393.32,Snowy
2024-03-25,Monday,RV Center,191,3.9,3613.7200000000003,Snowy
2024-03-26,Tuesday,One-day visit,440,3.9,5288.8,Rainy
2024-03-26,Tuesday,Camping,359,3.8,6418.92,Rainy
2024-03-26,Tuesday,RV Center,442,1.8,7973.679999999999,Rainy
2024-03-27,Wednesday,One-day visit,50,4.2,533.5,Snowy
2024-03-27,Wednesday,Camping,47,2.2,704.53,Snowy
2024-03-27,Wednesday,RV Center,46,3.5,524.4,Snowy
2024-03-28,Thursday,One-day visit,110,1.2,776.5999999999999,Stormy
2024-03-28,Thursday,Camping,387,2.1,2341.35,Stormy
2024-03-28,Thursday,RV Center,18,2.9,346.68,Stormy
2024-03-29,Friday,One-day visit,176,2.8,2912.8,Stormy
2024-03-29,Friday,Camping,192,2.6,2580.48,Stormy
2024-03-29,Friday,RV Center,297,2.7,2750.22,Stormy
2024-03-30,Saturday,One-day visit,37,1.3,586.4499999999999,Stormy
2024-03-30,Saturday,Camping,408,1.3,7878.48,Stormy
2024-03-30,Saturday,RV Center,87,1.8,1535.55,Stormy
2024-03-31,Sunday,One-day visit,454,1.9,5647.76,Sunny
2024-03-31,Sunday,Camping,168,3.2,1848.0,Sunny
2024-03-31,Sunday,RV Center,292,3.0,4242.76,Sunny
2024-04-01,Monday,One-day visit,258,2.7,2861.22,Sunny
2024-04-01,Monday,Camping,486,2.4,8470.98,Sunny
2024-04-01,Monday,RV Center,269,2.3,1605.9299999999998,Sunny
2024-04-02,Tuesday,One-day visit,240,2.7,3636.0,Stormy
2024-04-02,Tuesday,Camping,403,3.1,7431.320000000001,Stormy
2024-04-02,Tuesday,RV Center,175,3.5,1996.75,Stormy
2024-04-03,Wednesday,One-day visit,360,2.7,5389.2,Stormy
2024-04-03,Wednesday,Camping,216,1.4,1933.1999999999998,Stormy
2024-04-03,Wednesday,RV Center,127,1.3,1153.16,Stormy
2024-04-04,Thursday,One-day visit,285,2.3,1775.5500000000002,Snowy
2024-04-04,Thursday,Camping,429,4.7,5233.799999999999,Snowy
2024-04-04,Thursday,RV Center,236,2.2,2437.88,Snowy
2024-04-05,Friday,One-day visit,306,2.8,2836.62,Stormy
2024-04-05,Friday,Camping,81,3.7,752.4899999999999,Stormy
2024-04-05,Friday,RV Center,376,1.2,7512.4800000000005,Stormy
2024-04-06,Saturday,One-day visit,424,4.3,5049.84,Cloudy
2024-04-06,Saturday,Camping,279,1.0,4168.26,Cloudy
2024-04-06,Saturday,RV Center,282,4.5,3775.98,Cloudy
2024-04-07,Sunday,One-day visit,470,2.9,8417.7,Rainy
2024-04-07,Sunday,Camping,80,4.8,1362.4,Rainy
2024-04-07,Sunday,RV Center,198,4.1,1681.02,Rainy
2024-04-08,Monday,One-day visit,74,3.3,1416.3600000000001,Sunny
2024-04-08,Monday,Camping,139,1.6,797.86,Sunny
2024-04-08,Monday,RV Center,437,5.0,5091.05,Sunny
2024-04-09,Tuesday,One-day visit,23,1.7,265.41999999999996,Rainy
2024-04-09,Tuesday,Camping,241,2.7,1470.1,Rainy
2024-04-09,Tuesday,RV Center,302,1.7,3059.26,Rainy
2024-04-10,Wednesday,One-day visit,150,3.5,2820.0,Rainy
2024-04-10,Wednesday,Camping,273,3.8,4490.849999999999,Rainy
2024-04-10,Wednesday,RV Center,375,1.4,5006.25,Rainy
2024-04-11,Thursday,One-day visit,496,1.0,8863.52,Rainy
2024-04-11,Thursday,Camping,220,1.7,3084.4,Rainy
2024-04-11,Thursday,RV Center,338,5.0,5276.179999999999,Rainy
2024-04-12,Friday,One-day visit,419,1.9,6285.0,Rainy
2024-04-12,Friday,Camping,317,1.3,3493.3399999999997,Rainy
2024-04-12,Friday,RV Center,167,3.2,3031.0499999999997,Rainy
2024-04-13,Saturday,One-day visit,199,2.1,1796.9699999999998,Stormy
2024-04-13,Saturday,Camping,194,2.0,3230.1,Stormy
2024-04-13,Saturday,RV Center,210,3.5,1520.4,Stormy
2024-04-14,Sunday,One-day visit,437,1.2,5868.91,Sunny
2024-04-14,Sunday,Camping,22,4.3,207.24,Sunny
2024-04-14,Sunday,RV Center,376,2.2,4260.08,Sunny
2024-04-15,Monday,One-day visit,472,2.0,6343.679999999999,Stormy
2024-04-15,Monday,Camping,445,2.5,7102.200000000001,Stormy
2024-04-15,Monday,RV Center,251,4.5,2462.31,Stormy
2024-04-16,Tuesday,One-day visit,189,4.5,1670.76,Cloudy
2024-04-16,Tuesday,Camping,456,3.3,6165.12,Cloudy
2024-04-16,Tuesday,RV Center,90,2.5,1669.5,Cloudy
2024-04-17,Wednesday,One-day visit,55,3.8,287.09999999999997,Sunny
2024-04-17,Wednesday,Camping,328,3.8,5051.2,Sunny
2024-04-17,Wednesday,RV Center,109,1.4,1308.0,Sunny
2024-04-18,Thursday,One-day visit,23,4.4,271.16999999999996,Snowy
2024-04-18,Thursday,Camping,304,1.6,3955.04,Snowy
2024-04-18,Thursday,RV Center,295,3.7,3094.55,Snowy
2024-04-19,Friday,One-day visit,257,4.9,3389.83,Stormy
2024-04-19,Friday,Camping,188,2.1,1372.3999999999999,Stormy
2024-04-19,Friday,RV Center,92,2.5,1823.44,Stormy
2024-04-20,Saturday,One-day visit,77,1.9,902.44,Stormy
2024-04-20,Saturday,Camping,275,3.1,1446.5,Stormy
2024-04-20,Saturday,RV Center,325,2.1,2002.0,Stormy
2024-04-21,Sunday,One-day visit,283,1.3,4117.650000000001,Rainy
2024-04-21,Sunday,Camping,383,3.1,3768.72,Rainy
2024-04-21,Sunday,RV Center,464,2.1,6417.12,Rainy
2024-04-22,Monday,One-day visit,421,4.2,7801.13,Sunny
2024-04-22,Monday,Camping,290,2.3,3306.0,Sunny
2024-04-22,Monday,RV Center,204,1.6,2388.84,Sunny
2024-04-23,Tuesday,One-day visit,494,4.4,8076.900000000001,Stormy
2024-04-23,Tuesday,Camping,487,1.9,7699.47,Stormy
2024-04-23,Tuesday,RV Center,262,1.8,2478.5200000000004,Stormy
2024-04-24,Wednesday,One-day visit,109,4.3,1980.5300000000002,Rainy
2024-04-24,Wednesday,Camping,181,3.1,2803.69,Rainy
2024-04-24,Wednesday,RV Center,85,1.0,1119.45,Rainy
2024-04-25,Thursday,One-day visit,428,2.6,6732.4400000000005,Snowy
2024-04-25,Thursday,Camping,397,4.1,2183.5,Snowy
2024-04-25,Thursday,RV Center,335,2.5,2958.05,Snowy
2024-04-26,Friday,One-day visit,168,2.4,1070.16,Stormy
2024-04-26,Friday,Camping,308,1.5,5146.68,Stormy
2024-04-26,Friday,RV Center,120,1.1,1305.6000000000001,Stormy
2024-04-27,Saturday,One-day visit,286,1.3,4078.36,Snowy
2024-04-27,Saturday,Camping,485,3.3,7008.25,Snowy
2024-04-27,Saturday,RV Center,41,3.8,477.24,Snowy
2024-04-28,Sunday,One-day visit,419,4.8,6988.92,Sunny
2024-04-28,Sunday,Camping,197,1.9,2966.82,Sunny
2024-04-28,Sunday,RV Center,435,4.7,2209.8,Sunny
2024-04-29,Monday,One-day visit,32,1.9,449.92,Stormy
2024-04-29,Monday,Camping,325,2.7,3373.5000000000005,Stormy
2024-04-29,Monday,RV Center,134,3.8,2444.16,Stormy
2024-04-30,Tuesday,One-day visit,223,4.6,3770.93,Stormy
2024-04-30,Tuesday,Camping,296,2.3,2764.64,Stormy
2024-04-30,Tuesday,RV Center,334,3.8,2822.2999999999997,Stormy
2024-05-01,Wednesday,One-day visit,385,4.3,4119.5,Snowy
2024-05-01,Wednesday,Camping,383,3.0,4350.88,Snowy
2024-05-01,Wednesday,RV Center,295,1.4,2044.35,Snowy
2024-05-02,Thursday,One-day visit,140,1.9,2004.8,Stormy
2024-05-02,Thursday,Camping,492,3.9,3330.8399999999997,Stormy
2024-05-02,Thursday,RV Center,138,4.5,1907.16,Stormy
2024-05-03,Friday,One-day visit,140,2.6,1569.4,Rainy
2024-05-03,Friday,Camping,461,5.0,8298.0,Rainy
2024-05-03,Friday,RV Center,423,4.9,3396.6899999999996,Rainy
2024-05-04,Saturday,One-day visit,450,5.0,8302.5,Sunny
2024-05-04,Saturday,Camping,436,2.3,5903.44,Sunny
2024-05-04,Saturday,RV Center,257,3.4,4836.74,Sunny
2024-05-05,Sunday,One-day visit,58,3.8,406.0,Snowy
2024-05-05,Sunday,Camping,391,4.6,2912.9500000000003,Snowy
2024-05-05,Sunday,RV Center,126,1.3,753.48,Snowy
2024-05-06,Monday,One-day visit,498,4.7,3889.3799999999997,Sunny
2024-05-06,Monday,Camping,100,1.3,620.0,Sunny
2024-05-06,Monday,RV Center,294,4.5,3722.04,Sunny
2024-05-07,Tuesday,One-day visit,249,4.6,2898.36,Stormy
2024-05-07,Tuesday,Camping,373,4.0,5169.78,Stormy
2024-05-07,Tuesday,RV Center,81,3.5,1591.6499999999999,Stormy
2024-05-08,Wednesday,One-day visit,395,1.6,7161.349999999999,Cloudy
2024-05-08,Wednesday,Camping,50,4.3,405.0,Cloudy
2024-05-08,Wednesday,RV Center,76,2.6,1080.72,Cloudy
2024-05-09,Thursday,One-day visit,334,3.1,5514.34,Rainy
2024-05-09,Thursday,Camping,24,4.8,472.79999999999995,Rainy
2024-05-09,Thursday,RV Center,393,4.1,4519.5,Rainy
2024-05-10,Friday,One-day visit,411,3.9,7434.99,Rainy
2024-05-10,Friday,Camping,160,4.4,2801.6000000000004,Rainy
2024-05-10,Friday,RV Center,135,5.0,2110.05,Rainy
2024-05-11,Saturday,One-day visit,421,4.2,8112.67,Sunny
2024-05-11,Saturday,Camping,462,4.5,7456.68,Sunny
2024-05-11,Saturday,RV Center,257,1.1,3084.0,Sunny
2024-05-12,Sunday,One-day visit,376,2.1,2635.7599999999998,Sunny
2024-05-12,Sunday,Camping,302,1.9,1920.72,Sunny
2024-05-12,Sunday,RV Center,223,4.7,2339.27,Sunny
2024-05-13,Monday,One-day visit,245,1.5,1876.7,Sunny
2024-05-13,Monday,Camping,457,1.1,8614.45,Sunny
2024-05-13,Monday,RV Center,90,4.0,1595.7,Sunny
2024-05-14,Tuesday,One-day visit,500,2.3,8995.0,Rainy
2024-05-14,Tuesday,Camping,404,1.4,2076.56,Rainy
2024-05-14,Tuesday,RV Center,73,4.9,575.24,Rainy
2024-05-15,Wednesday,One-day visit,396,1.2,5567.76,Snowy
2024-05-15,Wednesday,Camping,325,4.7,5720.000000000001,Snowy
2024-05-15,Wednesday,RV Center,344,2.0,2236.0,Snowy
2024-05-16,Thursday,One-day visit,398,3.0,6702.32,Rainy
2024-05-16,Thursday,Camping,277,3.8,4373.83,Rainy
2024-05-16,Thursday,RV Center,266,1.7,1909.8799999999999,Rainy
2024-05-17,Friday,One-day visit,63,4.0,389.34,Sunny
2024-05-17,Friday,Camping,322,1.8,6388.48,Sunny
2024-05-17,Friday,RV Center,462,3.2,8791.86,Sunny
2024-05-18,Saturday,One-day visit,403,4.5,7435.349999999999,Sunny
2024-05-18,Saturday,Camping,315,2.3,2857.05,Sunny
2024-05-18,Saturday,RV Center,486,1.1,3703.32,Sunny
2024-05-19,Sunday,One-day visit,350,1.3,4714.5,Sunny
2024-05-19,Sunday,Camping,446,4.5,2586.7999999999997,Sunny
2024-05-19,Sunday,RV Center,41,1.9,480.52000000000004,Sunny
2024-05-20,Monday,One-day visit,37,2.6,193.14,Sunny
2024-05-20,Monday,Camping,479,3.2,3127.8700000000003,Sunny
2024-05-20,Monday,RV Center,352,4.9,5586.24,Sunny
2024-05-21,Tuesday,One-day visit,275,3.8,4611.75,Snowy
2024-05-21,Tuesday,Camping,138,2.1,1070.8799999999999,Snowy
2024-05-21,Tuesday,RV Center,241,2.9,1662.9,Snowy
2024-05-22,Wednesday,One-day visit,124,1.0,1633.08,Sunny
2024-05-22,Wednesday,Camping,118,3.9,1412.46,Sunny
2024-05-22,Wednesday,RV Center,145,4.9,2067.7,Sunny
2024-05-23,Thursday,One-day visit,434,2.0,5060.4400000000005,Cloudy
2024-05-23,Thursday,Camping,361,2.4,2754.43,Cloudy
2024-05-23,Thursday,RV Center,61,1.8,751.52,Cloudy
2024-05-24,Friday,One-day visit,156,4.7,2725.3199999999997,Sunny
2024-05-24,Friday,Camping,261,4.2,2487.33,Sunny
2024-05-24,Friday,RV Center,405,4.2,6694.650000000001,Sunny
2024-05-25,Saturday,One-day visit,294,2.5,2795.94,Stormy
2024-05-25,Saturday,Camping,461,4.7,2401.81,Stormy
2024-05-25,Saturday,RV Center,106,4.4,1523.22,Stormy
2024-05-26,Sunday,One-day visit,456,2.6,4892.88,Rainy
2024-05-26,Sunday,Camping,337,3.8,4593.31,Rainy
2024-05-26,Sunday,RV Center,111,4.6,878.01,Rainy
2024-05-27,Monday,One-day visit,447,2.9,7661.58,Sunny
2024-05-27,Monday,Camping,406,3.5,4660.88,Sunny
2024-05-27,Monday,RV Center,496,2.1,8565.92,Sunny
2024-05-28,Tuesday,One-day visit,422,2.7,2240.8199999999997,Sunny
2024-05-28,Tuesday,Camping,170,1.4,3366.0,Sunny
2024-05-28,Tuesday,RV Center,359,2.2,5873.24,Sunny
2024-05-29,Wednesday,One-day visit,438,3.6,8444.640000000001,Rainy
2024-05-29,Wednesday,Camping,53,2.1,852.77,Rainy
2024-05-29,Wednesday,RV Center,126,3.5,2294.46,Rainy
2024-05-30,Thursday,One-day visit,241,2.4,3135.41,Cloudy
2024-05-30,Thursday,Camping,174,3.1,1451.16,Cloudy
2024-05-30,Thursday,RV Center,279,4.0,3836.25,Cloudy
2024-05-31,Friday,One-day visit,451,3.8,2557.17,Stormy
2024-05-31,Friday,Camping,448,2.4,6213.759999999999,Stormy
2024-05-31,Friday,RV Center,342,3.1,3686.7599999999998,Stormy
2024-06-01,Saturday,One-day visit,293,3.9,5197.82,Cloudy
2024-06-01,Saturday,Camping,340,2.7,2801.6,Cloudy
2024-06-01,Saturday,RV Center,365,3.6,4880.049999999999,Cloudy
2024-06-02,Sunday,One-day visit,144,2.3,2638.08,Sunny
2024-06-02,Sunday,Camping,460,3.1,9006.8,Sunny
2024-06-02,Sunday,RV Center,14,4.8,114.79999999999998,Sunny
2024-06-03,Monday,One-day visit,476,2.7,8501.36,Sunny
2024-06-03,Monday,Camping,354,1.9,5133.0,Sunny
2024-06-03,Monday,RV Center,387,4.6,3866.13,Sunny
2024-06-04,Tuesday,One-day visit,321,2.7,1707.72,Stormy
2024-06-04,Tuesday,Camping,441,3.9,5111.19,Stormy
2024-06-04,Tuesday,RV Center,454,4.1,6646.56,Stormy
2024-06-05,Wednesday,One-day visit,179,3.9,2881.9,Rainy
2024-06-05,Wednesday,Camping,120,4.0,1324.8,Rainy
2024-06-05,Wednesday,RV Center,347,4.4,4802.48,Rainy
2024-06-06,Thursday,One-day visit,279,3.3,5420.97,Sunny
2024-06-06,Thursday,Camping,382,4.8,6497.820000000001,Sunny
2024-06-06,Thursday,RV Center,394,2.4,6170.04,Sunny
2024-06-07,Friday,One-day visit,488,1.3,6944.24,Rainy
2024-06-07,Friday,Camping,31,2.0,451.36,Rainy
2024-06-07,Friday,RV Center,297,2.5,3388.77,Rainy
2024-06-08,Saturday,One-day visit,495,2.4,5657.849999999999,Rainy
2024-06-08,Saturday,Camping,240,4.4,4068.0,Rainy
2024-06-08,Saturday,RV Center,404,3.1,2860.32,Rainy
2024-06-09,Sunday,One-day visit,383,4.0,3527.4300000000003,Rainy
2024-06-09,Sunday,Camping,126,1.5,1096.1999999999998,Rainy
2024-06-09,Sunday,RV Center,50,1.6,880.0000000000001,Rainy
2024-06-10,Monday,One-day visit,191,2.9,1119.26,Snowy
2024-06-10,Monday,Camping,139,1.9,966.0500000000001,Snowy
2024-06-10,Monday,RV Center,406,3.2,7405.44,Snowy
2024-06-11,Tuesday,One-day visit,333,3.0,4012.65,Sunny
2024-06-11,Tuesday,Camping,443,3.6,5648.25,Sunny
2024-06-11,Tuesday,RV Center,186,3.4,3052.26,Sunny
2024-06-12,Wednesday,One-day visit,167,1.3,3216.42,Snowy
2024-06-12,Wednesday,Camping,284,2.4,2482.16,Snowy
2024-06-12,Wednesday,RV Center,180,1.8,1958.4,Snowy
2024-06-13,Thursday,One-day visit,405,3.9,7950.15,Snowy
2024-06-13,Thursday,Camping,409,2.0,4249.51,Snowy
2024-06-13,Thursday,RV Center,17,2.1,200.77,Snowy
2024-06-14,Friday,One-day visit,274,1.5,3474.3199999999997,Rainy
2024-06-14,Friday,Camping,499,3.1,7345.280000000001,Rainy
2024-06-14,Friday,RV Center,252,4.8,2383.92,Rainy
2024-06-15,Saturday,One-day visit,363,1.3,2526.48,Snowy
2024-06-15,Saturday,Camping,452,3.8,4289.4800000000005,Snowy
2024-06-15,Saturday,RV Center,435,3.5,5411.4,Snowy
2024-06-16,Sunday,One-day visit,197,2.3,1918.78,Cloudy
2024-06-16,Sunday,Camping,259,2.5,2222.22,Cloudy
2024-06-16,Sunday,RV Center,54,2.4,787.86,Cloudy
2024-06-17,Monday,One-day visit,367,2.7,5138.0,Stormy
2024-06-17,Monday,Camping,305,3.0,5197.2,Stormy
2024-06-17,Monday,RV Center,214,4.1,3081.6,Stormy
2024-06-18,Tuesday,One-day visit,451,1.7,8659.199999999999,Cloudy
2024-06-18,Tuesday,Camping,390,3.7,1969.5,Cloudy
2024-06-18,Tuesday,RV Center,261,4.3,1973.1599999999999,Cloudy
2024-06-19,Wednesday,One-day visit,177,2.6,2067.36,Snowy
2024-06-19,Wednesday,Camping,219,3.8,1504.53,Snowy
2024-06-19,Wednesday,RV Center,243,4.0,2823.66,Snowy
2024-06-20,Thursday,One-day visit,346,2.0,4709.0599999999995,Cloudy
2024-06-20,Thursday,Camping,93,2.2,1246.2,Cloudy
2024-06-20,Thursday,RV Center,209,4.3,1845.47,Cloudy
2024-06-21,Friday,One-day visit,224,1.6,4197.759999999999,Rainy
2024-06-21,Friday,Camping,210,4.2,1898.3999999999999,Rainy
2024-06-21,Friday,RV Center,88,4.8,1250.48,Rainy
2024-06-22,Saturday,One-day visit,209,2.2,2704.46,Cloudy
2024-06-22,Saturday,Camping,345,2.8,2608.2,Cloudy
2024-06-22,Saturday,RV Center,317,1.5,6200.5199999999995,Cloudy
2024-06-23,Sunday,One-day visit,48,4.3,705.12,Rainy
2024-06-23,Sunday,Camping,258,4.1,4001.58,Rainy
2024-06-23,Sunday,RV Center,263,1.5,1791.03,Rainy
2024-06-24,Monday,One-day visit,307,3.9,3978.7200000000003,Sunny
2024-06-24,Monday,Camping,490,3.9,5287.099999999999,Sunny
2024-06-24,Monday,RV Center,149,4.5,1621.1200000000001,Sunny
2024-06-25,Tuesday,One-day visit,241,4.0,3937.94,Rainy
2024-06-25,Tuesday,Camping,187,3.2,2988.26,Rainy
2024-06-25,Tuesday,RV Center,14,4.5,101.22,Rainy
2024-06-26,Wednesday,One-day visit,440,3.5,2552.0,Sunny
2024-06-26,Wednesday,Camping,73,1.3,1069.45,Sunny
2024-06-26,Wednesday,RV Center,453,3.0,6618.33,Sunny
2024-06-27,Thursday,One-day visit,204,1.0,2411.28,Stormy
2024-06-27,Thursday,Camping,103,4.2,1523.37,Stormy
2024-06-27,Thursday,RV Center,107,2.0,637.72,Stormy
2024-06-28,Friday,One-day visit,499,3.7,8597.77,Sunny
2024-06-28,Friday,Camping,80,4.4,724.8000000000001,Sunny
2024-06-28,Friday,RV Center,472,1.7,9043.52,Sunny
2024-06-29,Saturday,One-day visit,82,4.3,704.38,Sunny
2024-06-29,Saturday,Camping,194,4.9,1854.64,Sunny
2024-06-29,Saturday,RV Center,170,1.8,2244.0,Sunny
2024-06-30,Sunday,One-day visit,181,2.9,1536.69,Stormy
2024-06-30,Sunday,Camping,493,3.4,5911.07,Stormy
2024-06-30,Sunday,RV Center,114,2.7,1826.28,Stormy
2024-07-01,Monday,One-day visit,200,2.3,1092.0,Snowy
2024-07-01,Monday,Camping,229,2.5,2530.4500000000003,Snowy
2024-07-01,Monday,RV Center,370,4.2,3496.4999999999995,Snowy
2024-07-02,Tuesday,One-day visit,65,3.6,1036.75,Rainy
2024-07-02,Tuesday,Camping,316,1.6,2505.88,Rainy
2024-07-02,Tuesday,RV Center,346,3.1,5798.960000000001,Rainy
2024-07-03,Wednesday,One-day visit,191,3.5,1468.79,Stormy
2024-07-03,Wednesday,Camping,74,3.4,403.3,Stormy
2024-07-03,Wednesday,RV Center,214,1.4,3956.8599999999997,Stormy
2024-07-04,Thursday,One-day visit,192,4.5,3325.44,Cloudy
2024-07-04,Thursday,Camping,350,3.5,6601.0,Cloudy
2024-07-04,Thursday,RV Center,47,4.1,367.54,Cloudy
2024-07-05,Friday,One-day visit,492,2.5,3207.8399999999997,Stormy
2024-07-05,Friday,Camping,12,3.8,97.68,Stormy
2024-07-05,Friday,RV Center,239,1.7,3921.9900000000002,Stormy
2024-07-06,Saturday,One-day visit,196,4.6,3235.9600000000005,Stormy
2024-07-06,Saturday,Camping,68,2.4,492.32,Stormy
2024-07-06,Saturday,RV Center,488,4.0,4797.04,Stormy
2024-07-07,Sunday,One-day visit,218,2.5,3058.54,Cloudy
2024-07-07,Sunday,Camping,328,4.5,6104.08,Cloudy
2024-07-07,Sunday,RV Center,335,2.2,6619.6,Cloudy
2024-07-08,Monday,One-day visit,106,4.7,1358.92,Cloudy
2024-07-08,Monday,Camping,216,4.5,3227.04,Cloudy
2024-07-08,Monday,RV Center,145,4.0,1774.8,Cloudy
2024-07-09,Tuesday,One-day visit,442,2.0,5029.96,Cloudy
2024-07-09,Tuesday,Camping,297,4.2,5880.6,Cloudy
2024-07-09,Tuesday,RV Center,229,4.6,1575.52,Cloudy
2024-07-10,Wednesday,One-day visit,230,4.1,2640.4,Rainy
2024-07-10,Wednesday,Camping,450,4.2,5526.0,Rainy
2024-07-10,Wednesday,RV Center,304,3.6,4240.8,Rainy
2024-07-11,Thursday,One-day visit,257,4.1,2009.74,Snowy
2024-07-11,Thursday,Camping,86,3.7,530.62,Snowy
2024-07-11,Thursday,RV Center,86,1.4,1302.04,Snowy
2024-07-12,Friday,One-day visit,56,1.9,870.8000000000001,Stormy
2024-07-12,Friday,Camping,185,4.1,1320.8999999999999,Stormy
2024-07-12,Friday,RV Center,199,4.5,2304.42,Stormy
2024-07-13,Saturday,One-day visit,163,3.1,1621.85,Stormy
2024-07-13,Saturday,Camping,482,2.1,8555.5,Stormy
2024-07-13,Saturday,RV Center,433,4.4,6854.39,Stormy
2024-07-14,Sunday,One-day visit,434,1.2,7825.02,Sunny
2024-07-14,Sunday,Camping,210,4.4,1795.5000000000002,Sunny
2024-07-14,Sunday,RV Center,438,2.9,2623.62,Sunny
2024-07-15,Monday,One-day visit,409,4.3,3631.9200000000005,Sunny
2024-07-15,Monday,Camping,54,3.3,869.9399999999999,Sunny
2024-07-15,Monday,RV Center,393,4.3,4570.59,Sunny
2024-07-16,Tuesday,One-day visit,451,2.1,4320.58,Rainy
2024-07-16,Tuesday,Camping,217,3.4,4114.320000000001,Rainy
2024-07-16,Tuesday,RV Center,261,2.4,3105.9,Rainy
2024-07-17,Wednesday,One-day visit,170,4.4,1054.0,Rainy
2024-07-17,Wednesday,Camping,50,3.8,331.5,Rainy
2024-07-17,Wednesday,RV Center,419,2.2,7885.58,Rainy
2024-07-18,Thursday,One-day visit,399,3.5,7696.71,Rainy
2024-07-18,Thursday,Camping,328,4.7,3709.6800000000003,Rainy
2024-07-18,Thursday,RV Center,327,3.1,5800.98,Rainy
2024-07-19,Friday,One-day visit,243,4.8,2595.24,Cloudy
2024-07-19,Friday,Camping,430,4.2,2726.2,Cloudy
2024-07-19,Friday,RV Center,130,3.0,1495.0,Cloudy
2024-07-20,Saturday,One-day visit,417,4.3,4015.7100000000005,Cloudy
2024-07-20,Saturday,Camping,111,4.2,905.76,Cloudy
2024-07-20,Saturday,RV Center,498,1.3,4068.66,Cloudy
2024-07-21,Sunday,One-day visit,86,3.8,877.1999999999999,Stormy
2024-07-21,Sunday,Camping,483,3.9,4293.87,Stormy
2024-07-21,Sunday,RV Center,100,4.3,1604.0,Stormy
2024-07-22,Monday,One-day visit,56,4.2,539.84,Stormy
2024-07-22,Monday,Camping,349,2.3,3828.53,Stormy
2024-07-22,Monday,RV Center,120,1.2,1244.3999999999999,Stormy
2024-07-23,Tuesday,One-day visit,369,1.5,4236.12,Cloudy
2024-07-23,Tuesday,Camping,37,3.3,542.0500000000001,Cloudy
2024-07-23,Tuesday,RV Center,310,2.5,3865.7000000000003,Cloudy
2024-07-24,Wednesday,One-day visit,61,1.5,1093.73,Sunny
2024-07-24,Wednesday,Camping,60,4.7,1005.6000000000001,Sunny
2024-07-24,Wednesday,RV Center,453,2.1,6237.8099999999995,Sunny
2024-07-25,Thursday,One-day visit,216,2.7,4013.2799999999997,Stormy
2024-07-25,Thursday,Camping,443,2.3,5426.75,Stormy
2024-07-25,Thursday,RV Center,309,1.1,5209.74,Stormy
2024-07-26,Friday,One-day visit,132,3.4,772.1999999999999,Snowy
2024-07-26,Friday,Camping,392,2.7,6389.6,Snowy
2024-07-26,Friday,RV Center,404,4.0,3611.7599999999998,Snowy
2024-07-27,Saturday,One-day visit,267,4.2,2443.05,Rainy
2024-07-27,Saturday,Camping,135,1.1,1262.25,Rainy
2024-07-27,Saturday,RV Center,172,3.2,2232.56,Rainy
2024-07-28,Sunday,One-day visit,293,3.1,4383.280000000001,Cloudy
2024-07-28,Sunday,Camping,128,1.6,2018.56,Cloudy
2024-07-28,Sunday,RV Center,196,3.8,3549.56,Cloudy
2024-07-29,Monday,One-day visit,439,3.8,3621.75,Stormy
2024-07-29,Monday,Camping,52,2.7,925.0799999999999,Stormy
2024-07-29,Monday,RV Center,186,3.1,3712.56,Stormy
2024-07-30,Tuesday,One-day visit,413,4.4,4881.66,Rainy
2024-07-30,Tuesday,Camping,454,2.1,3146.22,Rainy
2024-07-30,Tuesday,RV Center,437,1.8,6205.4,Rainy
2024-07-31,Wednesday,One-day visit,437,2.3,7621.280000000001,Cloudy
2024-07-31,Wednesday,Camping,128,1.3,656.64,Cloudy
2024-07-31,Wednesday,RV Center,39,2.0,328.38,Cloudy
2024-08-01,Thursday,One-day visit,144,2.4,1091.52,Snowy
2024-08-01,Thursday,Camping,33,2.7,540.87,Snowy
2024-08-01,Thursday,RV Center,470,2.6,3529.7,Snowy
2024-08-02,Friday,One-day visit,130,1.2,1047.8,Cloudy
2024-08-02,Friday,Camping,280,2.0,3021.2,Cloudy
2024-08-02,Friday,RV Center,401,2.5,7522.76,Cloudy
2024-08-03,Saturday,One-day visit,479,4.8,9005.2,Snowy
2024-08-03,Saturday,Camping,438,4.6,3394.5,Snowy
2024-08-03,Saturday,RV Center,462,3.5,3127.74,Snowy
2024-08-04,Sunday,One-day visit,189,3.6,3432.2400000000002,Cloudy
2024-08-04,Sunday,Camping,106,1.9,1458.56,Cloudy
2024-08-04,Sunday,RV Center,429,3.6,4311.450000000001,Cloudy
2024-08-05,Monday,One-day visit,394,4.6,2592.52,Snowy
2024-08-05,Monday,Camping,307,3.9,5845.28,Snowy
2024-08-05,Monday,RV Center,201,3.3,3419.01,Snowy
2024-08-06,Tuesday,One-day visit,229,3.6,3162.4900000000002,Rainy
2024-08-06,Tuesday,Camping,333,4.4,2927.0699999999997,Rainy
2024-08-06,Tuesday,RV Center,165,4.4,938.85,Rainy
2024-08-07,Wednesday,One-day visit,451,3.8,3851.5399999999995,Rainy
2024-08-07,Wednesday,Camping,394,1.0,2891.96,Rainy
2024-08-07,Wednesday,RV Center,373,3.0,3110.82,Rainy
2024-08-08,Thursday,One-day visit,442,2.4,8557.119999999999,Cloudy
2024-08-08,Thursday,Camping,197,1.7,1499.17,Cloudy
2024-08-08,Thursday,RV Center,306,3.7,2735.64,Cloudy
2024-08-09,Friday,One-day visit,449,1.2,5244.32,Rainy
2024-08-09,Friday,Camping,488,3.6,5494.88,Rainy
2024-08-09,Friday,RV Center,194,1.9,1782.86,Rainy
2024-08-10,Saturday,One-day visit,96,4.4,1675.1999999999998,Sunny
2024-08-10,Saturday,Camping,488,4.1,3391.6,Sunny
2024-08-10,Saturday,RV Center,314,1.9,3432.02,Sunny
2024-08-11,Sunday,One-day visit,191,4.4,1787.76,Cloudy
2024-08-11,Sunday,Camping,476,4.6,2537.08,Cloudy
2024-08-11,Sunday,RV Center,359,4.7,2437.61,Cloudy
2024-08-12,Monday,One-day visit,70,4.4,530.6,Cloudy
2024-08-12,Monday,Camping,472,3.2,6570.24,Cloudy
2024-08-12,Monday,RV Center,300,4.7,4272.0,Cloudy
2024-08-13,Tuesday,One-day visit,102,3.2,1183.2,Snowy
2024-08-13,Tuesday,Camping,309,2.6,3247.59,Snowy
2024-08-13,Tuesday,RV Center,326,4.6,4202.14,Snowy
2024-08-14,Wednesday,One-day visit,284,4.0,1669.92,Sunny
2024-08-14,Wednesday,Camping,345,4.2,4636.8,Sunny
2024-08-14,Wednesday,RV Center,350,2.3,5530.0,Sunny
2024-08-15,Thursday,One-day visit,43,1.5,420.53999999999996,Cloudy
2024-08-15,Thursday,Camping,267,3.9,1839.6299999999999,Cloudy
2024-08-15,Thursday,RV Center,183,2.0,2591.28,Cloudy
2024-08-16,Friday,One-day visit,163,3.7,1608.81,Cloudy
2024-08-16,Friday,Camping,473,4.2,7383.53,Cloudy
2024-08-16,Friday,RV Center,254,2.2,3185.16,Cloudy
2024-08-17,Saturday,One-day visit,205,2.1,2542.0,Rainy
2024-08-17,Saturday,Camping,396,4.8,4245.12,Rainy
2024-08-17,Saturday,RV Center,276,2.4,3712.2,Rainy
2024-08-18,Sunday,One-day visit,497,2.6,6644.889999999999,Snowy
2024-08-18,Sunday,Camping,46,2.0,688.1600000000001,Snowy
2024-08-18,Sunday,RV Center,182,4.3,2295.02,Snowy
2024-08-19,Monday,One-day visit,306,2.3,3439.44,Cloudy
2024-08-19,Monday,Camping,375,4.2,5396.25,Cloudy
2024-08-19,Monday,RV Center,408,1.8,7935.599999999999,Cloudy
2024-08-20,Tuesday,One-day visit,111,1.5,650.46,Cloudy
2024-08-20,Tuesday,Camping,141,4.4,2471.73,Cloudy
2024-08-20,Tuesday,RV Center,442,1.6,7301.84,Cloudy
2024-08-21,Wednesday,One-day visit,72,1.5,760.32,Sunny
2024-08-21,Wednesday,Camping,31,1.7,599.54,Sunny
2024-08-21,Wednesday,RV Center,196,1.3,2428.44,Sunny
2024-08-22,Thursday,One-day visit,102,1.9,1675.86,Rainy
2024-08-22,Thursday,Camping,442,4.8,6457.62,Rainy
2024-08-22,Thursday,RV Center,391,2.2,2154.41,Rainy
2024-08-23,Friday,One-day visit,208,4.3,1759.6800000000003,Stormy
2024-08-23,Friday,Camping,286,1.2,2545.4,Stormy
2024-08-23,Friday,RV Center,499,1.3,7824.32,Stormy
2024-08-24,Saturday,One-day visit,482,4.3,2593.16,Sunny
2024-08-24,Saturday,Camping,396,1.9,3152.16,Sunny
2024-08-24,Saturday,RV Center,312,1.5,5169.84,Sunny
2024-08-25,Sunday,One-day visit,388,3.3,2374.56,Snowy
2024-08-25,Sunday,Camping,336,3.4,3638.88,Snowy
2024-08-25,Sunday,RV Center,428,2.4,3770.6800000000003,Snowy
2024-08-26,Monday,One-day visit,198,3.2,3078.9,Cloudy
2024-08-26,Monday,Camping,123,1.1,932.34,Cloudy
2024-08-26,Monday,RV Center,152,3.2,1802.7199999999998,Cloudy
2024-08-27,Tuesday,One-day visit,293,4.4,3744.54,Cloudy
2024-08-27,Tuesday,Camping,491,2.5,5533.57,Cloudy
2024-08-27,Tuesday,RV Center,208,4.0,2094.56,Cloudy
2024-08-28,Wednesday,One-day visit,341,4.9,3239.5,Stormy
2024-08-28,Wednesday,Camping,75,1.9,1093.5,Stormy
2024-08-28,Wednesday,RV Center,88,3.3,1139.6,Stormy
2024-08-29,Thursday,One-day visit,432,2.5,5019.839999999999,Stormy
2024-08-29,Thursday,Camping,89,2.0,1101.8200000000002,Stormy
2024-08-29,Thursday,RV Center,267,4.5,4717.89,Stormy
2024-08-30,Friday,One-day visit,196,4.1,1891.4,Snowy
2024-08-30,Friday,Camping,472,3.3,6041.6,Snowy
2024-08-30,Friday,RV Center,321,1.1,4490.79,Snowy
2024-08-31,Saturday,One-day visit,448,3.0,5595.52,Snowy
2024-08-31,Saturday,Camping,17,3.9,147.22,Snowy
2024-08-31,Saturday,RV Center,256,4.4,5053.44,Snowy
2024-09-01,Sunday,One-day visit,436,3.8,5868.56,Stormy
2024-09-01,Sunday,Camping,465,2.6,7342.349999999999,Stormy
2024-09-01,Sunday,RV Center,23,1.1,375.13,Stormy
2024-09-02,Monday,One-day visit,172,1.4,1532.52,Rainy
2024-09-02,Monday,Camping,183,3.8,1026.63,Rainy
2024-09-02,Monday,RV Center,415,1.1,7499.05,Rainy
2024-09-03,Tuesday,One-day visit,57,3.7,513.0,Rainy
2024-09-03,Tuesday,Camping,354,1.3,5122.38,Rainy
2024-09-03,Tuesday,RV Center,337,2.4,4903.35,Rainy
2024-09-04,Wednesday,One-day visit,303,1.9,4772.25,Stormy
2024-09-04,Wednesday,Camping,118,2.7,2334.04,Stormy
2024-09-04,Wednesday,RV Center,388,1.2,5447.5199999999995,Stormy
2024-09-05,Thursday,One-day visit,351,4.8,6040.71,Sunny
2024-09-05,Thursday,Camping,368,3.6,3275.2000000000003,Sunny
2024-09-05,Thursday,RV Center,286,4.0,4335.76,Sunny
2024-09-06,Friday,One-day visit,176,4.7,2948.0,Rainy
2024-09-06,Friday,Camping,473,2.3,8111.949999999999,Rainy
2024-09-06,Friday,RV Center,115,3.7,1649.1,Rainy
2024-09-07,Saturday,One-day visit,82,2.6,1066.82,Sunny
2024-09-07,Saturday,Camping,434,5.0,3693.3399999999997,Sunny
2024-09-07,Saturday,RV Center,95,1.8,983.25,Sunny
2024-09-08,Sunday,One-day visit,78,2.2,1525.6799999999998,Sunny
2024-09-08,Sunday,Camping,107,1.8,1315.03,Sunny
2024-09-08,Sunday,RV Center,129,4.0,1688.61,Sunny
2024-09-09,Monday,One-day visit,38,4.0,260.68,Rainy
2024-09-09,Monday,Camping,370,3.6,2464.2000000000003,Rainy
2024-09-09,Monday,RV Center,53,1.4,899.94,Rainy
2024-09-10,Tuesday,One-day visit,390,1.9,7320.3,Rainy
2024-09-10,Tuesday,Camping,62,3.2,665.26,Rainy
2024-09-10,Tuesday,RV Center,464,3.4,8287.039999999999,Rainy
2024-09-11,Wednesday,One-day visit,199,4.7,1492.5,Snowy
2024-09-11,Wednesday,Camping,449,4.4,7772.19,Snowy
2024-09-11,Wednesday,RV Center,318,5.0,1790.34,Snowy
2024-09-12,Thursday,One-day visit,378,4.3,1912.6799999999998,Stormy
2024-09-12,Thursday,Camping,74,1.1,1433.38,Stormy
2024-09-12,Thursday,RV Center,318,3.6,4455.18,Stormy
2024-09-13,Friday,One-day visit,327,3.6,4990.0199999999995,Snowy
2024-09-13,Friday,Camping,67,4.8,693.4499999999999,Snowy
2024-09-13,Friday,RV Center,202,1.0,3005.76,Snowy
2024-09-14,Saturday,One-day visit,442,4.4,2665.26,Snowy
2024-09-14,Saturday,Camping,211,3.4,1833.59,Snowy
2024-09-14,Saturday,RV Center,34,3.7,310.08,Snowy
2024-09-15,Sunday,One-day visit,115,2.4,1012.0000000000001,Cloudy
2024-09-15,Sunday,Camping,265,3.9,1711.9,Cloudy
2024-09-15,Sunday,RV Center,323,4.5,3317.21,Cloudy
2024-09-16,Monday,One-day visit,256,4.1,3279.36,Snowy
2024-09-16,Monday,Camping,291,2.8,3398.88,Snowy
2024-09-16,Monday,RV Center,49,1.4,728.14,Snowy
2024-09-17,Tuesday,One-day visit,135,4.1,1028.7,Sunny
2024-09-17,Tuesday,Camping,151,3.5,1405.8100000000002,Sunny
2024-09-17,Tuesday,RV Center,37,3.2,725.5699999999999,Sunny
2024-09-18,Wednesday,One-day visit,344,1.6,1771.6000000000001,Snowy
2024-09-18,Wednesday,Camping,42,3.3,654.36,Snowy
2024-09-18,Wednesday,RV Center,39,3.1,318.24,Snowy
2024-09-19,Thursday,One-day visit,255,1.2,2521.9500000000003,Cloudy
2024-09-19,Thursday,Camping,198,1.1,1401.84,Cloudy
2024-09-19,Thursday,RV Center,119,1.8,1627.92,Cloudy
2024-09-20,Friday,One-day visit,141,2.7,1769.5500000000002,Stormy
2024-09-20,Friday,Camping,475,1.6,4465.0,Stormy
2024-09-20,Friday,RV Center,15,1.6,201.75,Stormy
2024-09-21,Saturday,One-day visit,329,1.7,6155.59,Stormy
2024-09-21,Saturday,Camping,329,4.7,3500.5600000000004,Stormy
2024-09-21,Saturday,RV Center,417,4.1,7689.4800000000005,Stormy
2024-09-22,Sunday,One-day visit,92,4.9,1838.16,Snowy
2024-09-22,Sunday,Camping,498,1.7,3082.6200000000003,Snowy
2024-09-22,Sunday,RV Center,135,4.8,1297.35,Snowy
2024-09-23,Monday,One-day visit,306,3.8,5434.56,Cloudy
2024-09-23,Monday,Camping,424,2.7,3531.92,Cloudy
2024-09-23,Monday,RV Center,343,2.5,6750.24,Cloudy
2024-09-24,Tuesday,One-day visit,32,2.9,636.48,Cloudy
2024-09-24,Tuesday,Camping,375,3.0,2647.5,Cloudy
2024-09-24,Tuesday,RV Center,165,4.7,2838.0,Cloudy
2024-09-25,Wednesday,One-day visit,455,1.8,4340.7,Rainy
2024-09-25,Wednesday,Camping,398,3.1,3494.4399999999996,Rainy
2024-09-25,Wednesday,RV Center,378,3.7,6796.4400000000005,Rainy
2024-09-26,Thursday,One-day visit,116,4.2,1220.32,Rainy
2024-09-26,Thursday,Camping,184,2.3,1948.56,Rainy
2024-09-26,Thursday,RV Center,203,2.3,1341.8300000000002,Rainy
2024-09-27,Friday,One-day visit,183,4.0,3380.0099999999998,Sunny
2024-09-27,Friday,Camping,363,2.9,7085.76,Sunny
2024-09-27,Friday,RV Center,417,3.0,5629.5,Sunny
2024-09-28,Saturday,One-day visit,25,1.6,221.74999999999997,Snowy
2024-09-28,Saturday,Camping,229,1.6,3377.75,Snowy
2024-09-28,Saturday,RV Center,21,1.9,256.41,Snowy
2024-09-29,Sunday,One-day visit,247,1.4,4315.09,Snowy
2024-09-29,Sunday,Camping,297,3.6,2619.54,Snowy
2024-09-29,Sunday,RV Center,190,3.8,2812.0,Snowy
2024-09-30,Monday,One-day visit,100,1.0,888.0000000000001,Sunny
2024-09-30,Monday,Camping,287,4.9,2072.14,Sunny
2024-09-30,Monday,RV Center,360,4.4,6192.0,Sunny
2024-10-01,Tuesday,One-day visit,468,3.4,8690.76,Snowy
2024-10-01,Tuesday,Camping,160,4.9,2844.8,Snowy
2024-10-01,Tuesday,RV Center,339,1.9,5271.45,Snowy
2024-10-02,Wednesday,One-day visit,401,1.0,3300.23,Cloudy
2024-10-02,Wednesday,Camping,239,3.1,2351.7599999999998,Cloudy
2024-10-02,Wednesday,RV Center,238,1.9,4452.9800000000005,Cloudy
2024-10-03,Thursday,One-day visit,71,5.0,725.62,Rainy
2024-10-03,Thursday,Camping,73,3.1,786.2099999999999,Rainy
2024-10-03,Thursday,RV Center,257,1.5,2757.61,Rainy
2024-10-04,Friday,One-day visit,351,1.9,4798.17,Sunny
2024-10-04,Friday,Camping,270,2.0,4044.6,Sunny
2024-10-04,Friday,RV Center,267,4.1,3446.9700000000003,Sunny
2024-10-05,Saturday,One-day visit,211,3.2,2352.65,Rainy
2024-10-05,Saturday,Camping,105,4.1,1773.45,Rainy
2024-10-05,Saturday,RV Center,486,3.1,8966.699999999999,Rainy
2024-10-06,Sunday,One-day visit,443,2.9,3127.58,Rainy
2024-10-06,Sunday,Camping,181,1.2,1006.3599999999999,Rainy
2024-10-06,Sunday,RV Center,61,1.7,719.1899999999999,Rainy
2024-10-07,Monday,One-day visit,221,4.1,3138.2,Cloudy
2024-10-07,Monday,Camping,136,3.2,2483.36,Cloudy
2024-10-07,Monday,RV Center,352,4.2,4114.88,Cloudy
2024-10-08,Tuesday,One-day visit,70,4.5,1070.3,Sunny
2024-10-08,Tuesday,Camping,140,4.9,1283.8,Sunny
2024-10-08,Tuesday,RV Center,40,3.9,560.8,Sunny
2024-10-09,Wednesday,One-day visit,456,4.6,5120.88,Stormy
2024-10-09,Wednesday,Camping,285,1.9,3026.7,Stormy
2024-10-09,Wednesday,RV Center,272,4.9,5100.0,Stormy
2024-10-10,Thursday,One-day visit,455,4.7,5760.3,Sunny
2024-10-10,Thursday,Camping,143,4.4,890.8900000000001,Sunny
2024-10-10,Thursday,RV Center,101,1.6,1982.6299999999999,Sunny
2024-10-11,Friday,One-day visit,237,3.9,2678.1000000000004,Snowy
2024-10-11,Friday,Camping,42,4.3,776.16,Snowy
2024-10-11,Friday,RV Center,422,4.0,7228.86,Snowy
2024-10-12,Saturday,One-day visit,399,3.4,5937.12,Cloudy
2024-10-12,Saturday,Camping,31,2.6,273.42,Cloudy
2024-10-12,Saturday,RV Center,402,2.3,2729.58,Cloudy
2024-10-13,Sunday,One-day visit,377,1.7,5425.030000000001,Cloudy
2024-10-13,Sunday,Camping,17,3.9,333.71,Cloudy
2024-10-13,Sunday,RV Center,217,2.7,3838.7300000000005,Cloudy
2024-10-14,Monday,One-day visit,381,4.6,4907.280000000001,Sunny
2024-10-14,Monday,Camping,166,3.4,1201.8400000000001,Sunny
2024-10-14,Monday,RV Center,50,2.9,707.0,Sunny
2024-10-15,Tuesday,One-day visit,70,1.7,652.4,Cloudy
2024-10-15,Tuesday,Camping,14,2.9,145.32000000000002,Cloudy
2024-10-15,Tuesday,RV Center,252,1.6,3588.48,Cloudy
2024-10-16,Wednesday,One-day visit,450,2.3,8748.0,Cloudy
2024-10-16,Wednesday,Camping,334,1.2,5320.62,Cloudy
2024-10-16,Wednesday,RV Center,406,1.9,3670.24,Cloudy
2024-10-17,Thursday,One-day visit,193,4.5,3570.5,Rainy
2024-10-17,Thursday,Camping,43,4.8,504.39000000000004,Rainy
2024-10-17,Thursday,RV Center,53,4.1,984.7399999999999,Rainy
2024-10-18,Friday,One-day visit,478,2.7,3575.44,Snowy
2024-10-18,Friday,Camping,330,3.2,5286.599999999999,Snowy
2024-10-18,Friday,RV Center,234,1.2,2691.0,Snowy
2024-10-19,Saturday,One-day visit,83,2.9,1560.4,Stormy
2024-10-19,Saturday,Camping,461,3.7,5232.349999999999,Stormy
2024-10-19,Saturday,RV Center,225,1.0,2376.0,Stormy
2024-10-20,Sunday,One-day visit,177,4.6,2387.73,Rainy
2024-10-20,Sunday,Camping,71,1.4,401.86,Rainy
2024-10-20,Sunday,RV Center,390,2.6,5358.6,Rainy
2024-10-21,Monday,One-day visit,153,4.5,2724.93,Rainy
2024-10-21,Monday,Camping,95,1.5,1055.45,Rainy
2024-10-21,Monday,RV Center,69,4.8,559.5899999999999,Rainy
2024-10-22,Tuesday,One-day visit,253,2.6,1338.3700000000001,Snowy
2024-10-22,Tuesday,Camping,143,2.9,1265.55,Snowy
2024-10-22,Tuesday,RV Center,147,2.4,2528.4,Snowy
2024-10-23,Wednesday,One-day visit,170,4.3,1948.2,Snowy
2024-10-23,Wednesday,Camping,90,1.1,749.7,Snowy
2024-10-23,Wednesday,RV Center,412,4.9,3625.6000000000004,Snowy
2024-10-24,Thursday,One-day visit,38,2.8,483.74,Rainy
2024-10-24,Thursday,Camping,401,2.7,5597.96,Rainy
2024-10-24,Thursday,RV Center,96,2.1,590.4000000000001,Rainy
2024-10-25,Friday,One-day visit,159,1.2,1124.13,Sunny
2024-10-25,Friday,Camping,220,4.9,3786.2000000000003,Sunny
2024-10-25,Friday,RV Center,242,1.2,1536.6999999999998,Sunny
2024-10-26,Saturday,One-day visit,292,1.5,5171.320000000001,Sunny
2024-10-26,Saturday,Camping,131,2.7,1942.73,Sunny
2024-10-26,Saturday,RV Center,143,2.5,1681.68,Sunny
2024-10-27,Sunday,One-day visit,408,2.6,5340.72,Cloudy
2024-10-27,Sunday,Camping,364,4.3,5409.04,Cloudy
2024-10-27,Sunday,RV Center,205,1.1,3675.65,Cloudy
2024-10-28,Monday,One-day visit,196,3.0,2706.76,Stormy
2024-10-28,Monday,Camping,155,3.1,1984.0,Stormy
2024-10-28,Monday,RV Center,491,2.4,3702.14,Stormy
2024-10-29,Tuesday,One-day visit,496,3.2,6859.68,Rainy
2024-10-29,Tuesday,Camping,22,2.2,190.95999999999998,Rainy
2024-10-29,Tuesday,RV Center,111,2.6,690.42,Rainy
2024-10-30,Wednesday,One-day visit,306,1.5,3280.32,Cloudy
2024-10-30,Wednesday,Camping,391,4.9,2979.42,Cloudy
2024-10-30,Wednesday,RV Center,64,4.4,1220.48,Cloudy
2024-10-31,Thursday,One-day visit,265,3.7,1664.2,Snowy
2024-10-31,Thursday,Camping,108,2.7,795.96,Snowy
2024-10-31,Thursday,RV Center,402,3.9,7830.96,Snowy
2024-11-01,Friday,One-day visit,466,2.6,3294.6200000000003,Sunny
2024-11-01,Friday,Camping,320,2.1,4771.2,Sunny
2024-11-01,Friday,RV Center,241,4.8,4552.49,Sunny
2024-11-02,Saturday,One-day visit,342,3.5,3543.12,Sunny
2024-11-02,Saturday,Camping,498,1.1,9646.26,Sunny
2024-11-02,Saturday,RV Center,360,4.4,1846.8,Sunny
2024-11-03,Sunday,One-day visit,74,3.1,1444.48,Snowy
2024-11-03,Sunday,Camping,417,4.2,5992.29,Snowy
2024-11-03,Sunday,RV Center,412,4.5,3703.88,Snowy
2024-11-04,Monday,One-day visit,42,1.3,637.14,Snowy
2024-11-04,Monday,Camping,63,3.5,391.85999999999996,Snowy
2024-11-04,Monday,RV Center,136,4.3,2229.04,Snowy
2024-11-05,Tuesday,One-day visit,149,3.1,2461.48,Sunny
2024-11-05,Tuesday,Camping,261,3.2,4737.15,Sunny
2024-11-05,Tuesday,RV Center,122,2.7,1283.44,Sunny
2024-11-06,Wednesday,One-day visit,444,1.7,5949.6,Snowy
2024-11-06,Wednesday,Camping,288,3.3,4432.32,Snowy
2024-11-06,Wednesday,RV Center,10,3.0,53.099999999999994,Snowy
2024-11-07,Thursday,One-day visit,260,3.4,4739.8,Sunny
2024-11-07,Thursday,Camping,248,2.9,4429.28,Sunny
2024-11-07,Thursday,RV Center,137,1.8,2096.1,Sunny
2024-11-08,Friday,One-day visit,489,2.0,9002.49,Stormy
2024-11-08,Friday,Camping,193,3.0,3580.15,Stormy
2024-11-08,Friday,RV Center,177,2.6,2148.78,Stormy
2024-11-09,Saturday,One-day visit,411,1.3,6617.1,Snowy
2024-11-09,Saturday,Camping,304,4.5,2100.64,Snowy
2024-11-09,Saturday,RV Center,103,4.5,1496.59,Snowy
2024-11-10,Sunday,One-day visit,177,1.5,3028.47,Sunny
2024-11-10,Sunday,Camping,51,2.7,804.27,Sunny
2024-11-10,Sunday,RV Center,425,2.9,2435.25,Sunny
2024-11-11,Monday,One-day visit,480,4.3,3235.2000000000003,Snowy
2024-11-11,Monday,Camping,110,2.2,1910.7,Snowy
2024-11-11,Monday,RV Center,75,3.7,947.2500000000001,Snowy
2024-11-12,Tuesday,One-day visit,493,1.5,7572.48,Stormy
2024-11-12,Tuesday,Camping,275,1.1,2780.25,Stormy
2024-11-12,Tuesday,RV Center,431,2.6,6245.1900000000005,Stormy
2024-11-13,Wednesday,One-day visit,359,2.1,2850.46,Sunny
2024-11-13,Wednesday,Camping,317,2.6,4900.820000000001,Sunny
2024-11-13,Wednesday,RV Center,73,4.6,1139.53,Sunny
2024-11-14,Thursday,One-day visit,465,4.1,4929.0,Sunny
2024-11-14,Thursday,Camping,321,4.3,2982.0899999999997,Sunny
2024-11-14,Thursday,RV Center,313,4.9,4607.360000000001,Sunny
2024-11-15,Friday,One-day visit,375,4.1,3705.0000000000005,Sunny
2024-11-15,Friday,Camping,434,4.2,8311.099999999999,Sunny
2024-11-15,Friday,RV Center,391,2.9,6615.72,Sunny
2024-11-16,Saturday,One-day visit,370,3.2,6678.5,Cloudy
2024-11-16,Saturday,Camping,397,3.2,5974.85,Cloudy
2024-11-16,Saturday,RV Center,130,4.8,1342.9,Cloudy
2024-11-17,Sunday,One-day visit,444,4.0,3960.48,Stormy
2024-11-17,Sunday,Camping,111,4.1,1526.25,Stormy
2024-11-17,Sunday,RV Center,275,1.0,5172.75,Stormy
2024-11-18,Monday,One-day visit,353,1.8,4458.39,Stormy
2024-11-18,Monday,Camping,57,2.7,395.58000000000004,Stormy
2024-11-18,Monday,RV Center,446,3.1,3996.1600000000003,Stormy
2024-11-19,Tuesday,One-day visit,448,3.8,8848.0,Stormy
2024-11-19,Tuesday,Camping,298,1.5,3492.5600000000004,Stormy
2024-11-19,Tuesday,RV Center,165,2.1,1496.55,Stormy
2024-11-20,Wednesday,One-day visit,109,2.2,1615.38,Stormy
2024-11-20,Wednesday,Camping,433,2.5,8413.19,Stormy
2024-11-20,Wednesday,RV Center,461,4.2,6891.95,Stormy
2024-11-21,Thursday,One-day visit,127,1.3,1069.34,Rainy
2024-11-21,Thursday,Camping,486,4.5,2877.12,Rainy
2024-11-21,Thursday,RV Center,24,4.9,256.08,Rainy
2024-11-22,Friday,One-day visit,175,2.3,953.75,Snowy
2024-11-22,Friday,Camping,222,1.1,3567.54,Snowy
2024-11-22,Friday,RV Center,87,3.8,870.87,Snowy
2024-11-23,Saturday,One-day visit,95,2.2,1279.65,Sunny
2024-11-23,Saturday,Camping,450,1.7,6759.0,Sunny
2024-11-23,Saturday,RV Center,244,2.4,2418.04,Sunny
2024-11-24,Sunday,One-day visit,170,4.3,1778.2,Sunny
2024-11-24,Sunday,Camping,107,1.6,1787.97,Sunny
2024-11-24,Sunday,RV Center,85,3.0,927.35,Sunny
2024-11-25,Monday,One-day visit,476,3.2,5826.24,Cloudy
2024-11-25,Monday,Camping,368,4.5,4368.16,Cloudy
2024-11-25,Monday,RV Center,440,2.8,8162.0,Cloudy
2024-11-26,Tuesday,One-day visit,157,1.6,973.4,Cloudy
2024-11-26,Tuesday,Camping,81,2.6,916.11,Cloudy
2024-11-26,Tuesday,RV Center,195,3.5,2712.45,Cloudy
2024-11-27,Wednesday,One-day visit,28,4.2,303.8,Cloudy
2024-11-27,Wednesday,Camping,153,3.5,2558.16,Cloudy
2024-11-27,Wednesday,RV Center,261,4.6,1806.12,Cloudy
2024-11-28,Thursday,One-day visit,340,3.7,5038.8,Stormy
2024-11-28,Thursday,Camping,383,2.2,3462.3199999999997,Stormy
2024-11-28,Thursday,RV Center,68,4.9,788.12,Stormy
2024-11-29,Friday,One-day visit,158,1.7,2351.04,Snowy
2024-11-29,Friday,Camping,103,3.8,1300.89,Snowy
2024-11-29,Friday,RV Center,289,1.5,3375.52,Snowy
2024-11-30,Saturday,One-day visit,128,1.5,1091.84,Sunny
2024-11-30,Saturday,Camping,24,3.4,169.92000000000002,Sunny
2024-11-30,Saturday,RV Center,209,2.6,1613.48,Sunny
2024-12-01,Sunday,One-day visit,423,2.3,3079.44,Snowy
2024-12-01,Sunday,Camping,16,4.3,92.48,Snowy
2024-12-01,Sunday,RV Center,399,4.9,6643.349999999999,Snowy
2024-12-02,Monday,One-day visit,32,1.5,354.24,Sunny
2024-12-02,Monday,Camping,301,2.3,2260.5099999999998,Sunny
2024-12-02,Monday,RV Center,428,4.0,4904.88,Sunny
2024-12-03,Tuesday,One-day visit,202,5.0,2114.94,Sunny
2024-12-03,Tuesday,Camping,499,2.2,4950.08,Sunny
2024-12-03,Tuesday,RV Center,25,2.9,132.75,Sunny
2024-12-04,Wednesday,One-day visit,450,4.1,3519.0,Cloudy
2024-12-04,Wednesday,Camping,394,4.1,5098.36,Cloudy
2024-12-04,Wednesday,RV Center,378,1.1,5454.54,Cloudy
2024-12-05,Thursday,One-day visit,263,2.4,4820.79,Rainy
2024-12-05,Thursday,Camping,413,1.3,7165.55,Rainy
2024-12-05,Thursday,RV Center,56,2.5,283.92,Rainy
2024-12-06,Friday,One-day visit,471,4.6,5016.150000000001,Sunny
2024-12-06,Friday,Camping,224,4.6,3662.4000000000005,Sunny
2024-12-06,Friday,RV Center,68,2.9,875.16,Sunny
2024-12-07,Saturday,One-day visit,423,3.2,7580.160000000001,Stormy
2024-12-07,Saturday,Camping,364,2.4,7050.68,Stormy
2024-12-07,Saturday,RV Center,459,1.8,6352.5599999999995,Stormy
2024-12-08,Sunday,One-day visit,224,1.5,2549.1200000000003,Snowy
2024-12-08,Sunday,Camping,138,1.0,2588.88,Snowy
2024-12-08,Sunday,RV Center,468,2.2,5007.599999999999,Snowy
2024-12-09,Monday,One-day visit,481,2.2,5084.17,Rainy
2024-12-09,Monday,Camping,276,5.0,1512.48,Rainy
2024-12-09,Monday,RV Center,43,4.5,525.46,Rainy
2024-12-10,Tuesday,One-day visit,77,4.2,940.94,Snowy
2024-12-10,Tuesday,Camping,237,3.7,2500.3500000000004,Snowy
2024-12-10,Tuesday,RV Center,392,4.0,6550.320000000001,Snowy
2024-12-11,Wednesday,One-day visit,79,2.7,1196.06,Cloudy
2024-12-11,Wednesday,Camping,196,4.8,2587.2,Cloudy
2024-12-11,Wednesday,RV Center,20,3.6,271.6,Cloudy
2024-12-12,Thursday,One-day visit,450,5.0,7146.0,Stormy
2024-12-12,Thursday,Camping,193,3.2,2084.4,Stormy
2024-12-12,Thursday,RV Center,243,3.8,3003.48,Stormy
2024-12-13,Friday,One-day visit,187,4.8,1251.03,Snowy
2024-12-13,Friday,Camping,156,2.7,1020.24,Snowy
2024-12-13,Friday,RV Center,276,3.5,2889.7200000000003,Snowy
2024-12-14,Saturday,One-day visit,363,1.2,2951.1900000000005,Stormy
2024-12-14,Saturday,Camping,429,3.8,7082.790000000001,Stormy
2024-12-14,Saturday,RV Center,448,4.8,3180.7999999999997,Stormy
2024-12-15,Sunday,One-day visit,194,3.7,1352.18,Stormy
2024-12-15,Sunday,Camping,480,1.1,6129.599999999999,Stormy
2024-12-15,Sunday,RV Center,450,2.0,8154.0,Stormy
2024-12-16,Monday,One-day visit,280,4.3,2055.2,Cloudy
2024-12-16,Monday,Camping,439,3.9,5386.53,Cloudy
2024-12-16,Monday,RV Center,432,3.7,2911.6800000000003,Cloudy
2024-12-17,Tuesday,One-day visit,162,3.9,989.82,Cloudy
2024-12-17,Tuesday,Camping,141,4.3,1370.52,Cloudy
2024-12-17,Tuesday,RV Center,423,4.7,5680.89,Cloudy
2024-12-18,Wednesday,One-day visit,146,3.7,2749.18,Snowy
2024-12-18,Wednesday,Camping,424,3.7,5109.200000000001,Snowy
2024-12-18,Wednesday,RV Center,435,2.2,4167.3,Snowy
2024-12-19,Thursday,One-day visit,12,1.4,131.52,Cloudy
2024-12-19,Thursday,Camping,437,4.1,2923.53,Cloudy
2024-12-19,Thursday,RV Center,274,3.7,4814.18,Cloudy
2024-12-20,Friday,One-day visit,203,2.2,2036.09,Cloudy
2024-12-20,Friday,Camping,91,1.5,1328.6,Cloudy
2024-12-20,Friday,RV Center,309,1.3,3862.5,Cloudy
2024-12-21,Saturday,One-day visit,294,1.9,5733.0,Rainy
2024-12-21,Saturday,Camping,184,4.0,1854.72,Rainy
2024-12-21,Saturday,RV Center,305,4.0,2485.75,Rainy
2024-12-22,Sunday,One-day visit,427,1.7,6503.21,Rainy
2024-12-22,Sunday,Camping,400,4.6,7216.0,Rainy
2024-12-22,Sunday,RV Center,128,4.0,2085.12,Rainy
2024-12-23,Monday,One-day visit,308,2.3,4863.32,Snowy
2024-12-23,Monday,Camping,457,1.7,3253.84,Snowy
2024-12-23,Monday,RV Center,239,4.2,2189.2400000000002,Snowy
2024-12-24,Tuesday,One-day visit,228,4.5,2706.3599999999997,Rainy
2024-12-24,Tuesday,Camping,459,4.5,7403.669999999999,Rainy
2024-12-24,Tuesday,RV Center,369,4.8,2350.53,Rainy
2024-12-25,Wednesday,One-day visit,309,2.2,4205.49,Stormy
2024-12-25,Wednesday,Camping,300,1.8,4095.0,Stormy
2024-12-25,Wednesday,RV Center,360,4.2,3967.2,Stormy
2024-12-26,Thursday,One-day visit,152,2.9,2447.2000000000003,Stormy
2024-12-26,Thursday,Camping,300,4.2,1623.0,Stormy
2024-12-26,Thursday,RV Center,333,4.9,5387.94,Stormy
2024-12-27,Friday,One-day visit,55,3.6,356.40000000000003,Rainy
2024-12-27,Friday,Camping,125,1.5,2310.0,Rainy
2024-12-27,Friday,RV Center,35,3.3,359.45,Rainy
2024-12-28,Saturday,One-day visit,59,3.5,675.55,Sunny
2024-12-28,Saturday,Camping,433,4.2,8183.7,Sunny
2024-12-28,Saturday,RV Center,455,1.6,7352.8,Sunny
2024-12-29,Sunday,One-day visit,388,2.4,3806.28,Rainy
2024-12-29,Sunday,Camping,200,1.4,3818.0,Rainy
2024-12-29,Sunday,RV Center,11,3.5,129.03,Rainy
2024-12-30,Monday,One-day visit,105,4.2,1845.8999999999999,Cloudy
2024-12-30,Monday,Camping,209,1.9,2459.93,Cloudy
2024-12-30,Monday,RV Center,177,2.3,1805.3999999999999,Cloudy
2024-12-31,Tuesday,One-day visit,334,2.1,4739.46,Sunny
2024-12-31,Tuesday,Camping,426,4.4,7182.36,Sunny
2024-12-31,Tuesday,RV Center,289,4.3,5430.3099999999995,Sunny
